timestamp,fees_usd
1522022400,141
1522108800,73
1522195200,65
1522281600,24
1522368000,169
1522454400,137
1522540800,16
1522627200,42
1522713600,24
1522800000,11
1522886400,20
1522972800,114
1523059200,31
1523145600,110
1523232000,110
1523318400,41
1523404800,200
1523491200,7
1523577600,77
1523664000,73
1523750400,68
1523836800,141
1523923200,46
1524009600,14
1524096000,60
1524182400,56
1524268800,43
1524355200,5
1524441600,152
1524528000,45
1524614400,48
1524700800,21
1524873600,13
1524960000,5
1525046400,8
1525132800,42
1525219200,11
1525305600,34
1525392000,321
1525478400,75
1525564800,154
1525651200,253
1525737600,59
1525824000,220
1525910400,47
1525996800,18
1526083200,23
1526169600,14
1526256000,29
1526342400,31
1526428800,33
1526515200,33
1526688000,17
1526774400,27
1526860800,34
1526947200,102
1527033600,38
1527120000,24
1527206400,89
1527292800,10
1527379200,39
1527465600,29
1527552000,35
1527638400,92
1527724800,121
1527811200,52
1527897600,87
1527984000,22
1528070400,171
1528156800,47
1528243200,44
1528329600,51
1528416000,52
1528502400,80
1528588800,57
1528761600,13
1528848000,5
1528934400,9
1529020800,20
1529107200,25
1529193600,5
1529280000,78
1529366400,4
1529452800,40
1529539200,13
1529625600,41
1529712000,28
1529798400,15
1529884800,11
1529971200,50
1530057600,18
1530144000,66
1530230400,9
1530316800,9
1530403200,14
1530489600,8
1530576000,1
1530748800,1
1531008000,23
1531094400,10
1531180800,5
1531267200,52
1531353600,13
1531440000,35
1531526400,63
1531612800,15
1531699200,38
1531785600,37
1531872000,99
1531958400,15
1532044800,3
1532131200,126
1532217600,19
1532304000,1
1532390400,8
1532476800,25
1532563200,22
1532649600,9
1532736000,63
1532822400,10
1532908800,14
1532995200,35
1533081600,24
1533168000,29
1533254400,191
1533340800,18
1533427200,28
1533513600,6
1533600000,5
1533686400,1
1533772800,49
1533859200,37
1533945600,1
1534032000,26
1534118400,106
1534204800,49
1534291200,9
1534377600,19
1534464000,15
1534550400,90
1534636800,444
1534723200,33
1534809600,229
1534896000,187
1534982400,86
1535068800,96
1535155200,34
1535241600,39
1535328000,40
1535414400,52
1535500800,72
1535587200,63
1535673600,79
1535760000,101
1535846400,46
1535932800,150
1536019200,70
1536105600,268
1536192000,224
1536278400,115
1536364800,172
1536451200,215
1536537600,42
1536624000,87
1536710400,656
1536796800,189
1536883200,280
1536969600,195
1537056000,100
1537142400,122
1537228800,133
1537315200,166
1537401600,56
1537488000,236
1537574400,107
1537660800,119
1537747200,112
1537833600,134
1537920000,133
1538006400,216
1538092800,48
1538179200,166
1538265600,41
1538352000,45
1538438400,117
1538524800,130
1538611200,17
1538697600,191
1538784000,365
1538870400,460
1538956800,95
1539043200,54
1539129600,40
1539216000,80
1539302400,47
1539388800,70
1539475200,166
1539561600,68
1539648000,76
1539734400,95
1539820800,553
1539907200,198
1539993600,39
1540080000,94
1540166400,41
1540252800,58
1540339200,39
1540425600,287
1540512000,32
1540598400,42
1540684800,141
1540771200,43
1540857600,236
1540944000,78
1541030400,67
1541116800,61
1541203200,41
1541289600,62
1541376000,63
1541462400,71
1541548800,131
1541635200,177
1541721600,166
1541808000,92
1541894400,91
1541980800,119
1542067200,39
1542153600,157
1542240000,99
1542326400,52
1542412800,41
1542499200,220
1542585600,92
1542672000,171
1542758400,242
1542844800,90
1542931200,99
1543017600,95
1543104000,335
1543190400,109
1543276800,73
1543363200,87
1543449600,59
1543536000,140
1543622400,77
1543708800,102
1543795200,74
1543881600,118
1543968000,229
1544054400,202
1544140800,154
1544227200,128
1544313600,150
1544400000,91
1544486400,91
1544572800,164
1544659200,164
1544745600,500
1544832000,236
1544918400,214
1545004800,206
1545091200,219
1545177600,348
1545264000,516
1545350400,409
1545436800,776
1545523200,461
1545609600,523
1545696000,360
1545782400,269
1545868800,479
1545955200,808
1546041600,181
1546128000,71
1546214400,106
1546300800,103
1546387200,86
1546473600,118
1546560000,175
1546646400,632
1546732800,748
1546819200,622
1546905600,276
1546992000,559
1547078400,522
1547164800,369
1547251200,800
1547337600,690
1547424000,494
1547510400,915
1547596800,745
1547683200,1130
1547769600,680
1547856000,1358
1547942400,765
1548028800,907
1548115200,1241
1548201600,633
1548288000,756
1548374400,903
1548460800,1229
1548547200,1623
1548633600,1205
1548720000,1042
1548806400,1150
1548892800,1089
1548979200,1184
1549065600,1003
1549152000,1146
1549238400,712
1549324800,1519
1549411200,1349
1549497600,791
1549584000,1405
1549670400,1380
1549756800,1211
1549843200,1597
1549929600,2282
1550016000,2469
1550102400,2548
1550188800,2277
1550275200,1179
1550361600,2300
1550448000,1763
1550534400,3464
1550620800,2103
1550707200,1870
1550793600,3043
1550880000,4182
1550966400,5972
1551052800,2882
1551139200,2408
1551225600,4160
1551312000,1539
1551398400,3276
1551484800,2631
1551571200,2531
1551657600,4221
1551744000,4618
1551830400,3599
1551916800,2920
1552003200,3053
1552089600,4877
1552176000,1690
1552262400,2069
1552348800,2376
1552435200,2258
1552521600,1801
1552608000,2119
1552694400,3707
1552780800,3158
1552867200,2703
1552953600,2472
1553040000,2550
1553126400,2890
1553212800,2168
1553299200,2482
1553385600,2153
1553472000,2366
1553558400,4622
1553644800,2061
1553731200,3380
1553817600,3535
1553904000,2315
1553990400,2483
1554076800,2438
1554163200,5364
1554249600,8707
1554336000,4208
1554422400,3741
1554508800,2753
1554595200,3987
1554681600,8410
1554768000,8323
1554854400,6666
1554940800,5263
1555027200,5055
1555113600,2692
1555200000,2640
1555286400,5935
1555372800,3406
1555459200,3427
1555545600,4690
1555632000,4420
1555718400,3236
1555804800,5033
1555891200,3794
1555977600,6358
1556064000,5798
1556150400,8544
1556236800,7062
1556323200,3033
1556409600,2580
1556496000,2975
1556582400,3763
1556668800,2950
1556755200,2325
1556841600,3882
1556928000,1951
1557014400,3166
1557100800,8321
1557187200,4983
1557273600,4885
1557360000,3583
1557446400,3343
1557532800,8345
1557619200,6168
1557705600,4912
1557792000,7335
1557878400,16666
1557964800,19251
1558051200,7206
1558137600,3125
1558224000,4276
1558310400,5901
1558396800,3607
1558483200,5039
1558569600,4904
1558656000,5649
1558742400,5158
1558828800,5240
1558915200,9023
1559001600,6989
1559088000,5849
1559174400,10649
1559260800,7264
1559347200,5577
1559433600,5744
1559520000,7580
1559606400,10431
1559692800,5924
1559779200,5594
1559865600,7857
1559952000,4689
1560038400,4572
1560124800,6743
1560211200,5386
1560297600,8327
1560384000,7442
1560470400,6749
1560556800,9717
1560643200,9717
1560729600,7161
1560816000,6329
1560902400,5947
1560988800,6064
1561075200,10692
1561161600,14785
1561248000,8973
1561334400,6924
1561420800,9441
1561507200,16809
1561593600,16046
1561680000,9483
1561766400,10314
1561852800,8659
1561939200,9706
1562025600,9448
1562112000,9023
1562198400,10241
1562284800,10085
1562371200,9277
1562457600,14708
1562544000,9830
1562630400,14874
1562716800,13181
1562803200,12514
1562889600,10205
1562976000,10503
1563062400,16019
1563148800,18942
1563235200,18705
1563321600,17839
1563408000,17482
1563494400,14495
1563580800,17547
1563667200,15363
1563753600,17911
1563840000,20632
1563926400,21678
1564012800,21574
1564099200,25424
1564185600,21047
1564272000,21317
1564358400,20739
1564444800,22656
1564531200,23068
1564617600,22489
1564704000,24123
1564790400,20962
1564876800,20677
1564963200,24941
1565049600,24048
1565136000,24216
1565222400,23384
1565308800,26004
1565395200,22677
1565481600,22143
1565568000,22100
1565654400,22614
1565740800,26479
1565827200,24877
1565913600,22318
1566000000,21596
1566086400,23423
1566172800,22032
1566259200,21865
1566345600,22298
1566432000,21739
1566518400,22198
1566604800,22050
1566691200,25542
1566777600,22838
1566864000,22804
1566950400,25890
1567036800,23622
1567123200,21743
1567209600,20808
1567296000,21176
1567382400,21421
1567468800,20953
1567555200,21306
1567641600,22935
1567728000,21721
1567814400,20666
1567900800,19298
1567987200,19675
1568073600,19480
1568160000,19857
1568246400,19358
1568332800,19009
1568419200,19215
1568505600,18013
1568592000,17979
1568678400,18670
1568764800,18306
1568851200,17757
1568937600,17420
1569024000,16625
1569110400,16466
1569196800,17881
1569283200,24989
1569369600,18642
1569456000,20267
1569542400,17968
1569628800,17721
1569715200,17319
1569801600,17583
1569888000,17944
1569974400,16315
1570060800,16562
1570147200,17988
1570233600,16367
1570320000,17054
1570406400,19345
1570492800,17285
1570579200,20012
1570665600,18129
1570752000,17632
1570838400,15669
1570924800,21299
1571011200,23703
1571097600,23168
1571184000,20693
1571270400,19053
1571356800,17362
1571443200,15748
1571529600,16684
1571616000,17372
1571702400,17613
1571788800,20007
1571875200,15972
1571961600,19305
1572048000,21564
1572134400,16703
1572220800,17356
1572307200,16417
1572393600,15457
1572480000,16740
1572566400,16935
1572652800,14650
1572739200,14771
1572825600,14283
1572912000,13205
1572998400,12931
1573084800,14620
1573171200,13358
1573257600,12775
1573344000,12403
1573430400,13653
1573516800,11973
1573603200,11561
1573689600,12489
1573776000,13767
1573862400,11470
1573948800,12561
1574035200,13052
1574121600,17106
1574208000,17345
1574294400,22041
1574380800,35247
1574467200,17291
1574553600,19628
1574640000,26697
1574726400,15039
1574812800,15424
1574899200,14909
1574985600,18830
1575072000,16497
1575158400,17105
1575244800,22139
1575331200,21444
1575417600,22435
1575504000,23504
1575590400,15674
1575676800,15614
1575763200,15725
1575849600,16200
1575936000,18470
1576022400,18311
1576108800,16105
1576195200,14920
1576281600,16362
1576368000,14650
1576454400,18769
1576540800,24620
1576627200,20591
1576713600,18431
1576800000,17919
1576886400,16341
1576972800,16236
1577059200,17767
1577145600,24074
1577232000,27483
1577318400,17982
1577404800,15650
1577491200,15247
1577577600,16657
1577664000,15943
1577750400,16185
1577836800,17742
1577923200,17951
1578009600,18685
1578096000,17838
1578182400,18598
1578268800,25586
1578355200,23175
1578441600,29559
1578528000,26543
1578614400,26129
1578700800,28521
1578787200,27428
1578873600,26796
1578960000,34243
1579046400,32595
1579132800,31295
1579219200,32965
1579305600,32239
1579392000,31137
1579478400,33429
1579564800,33450
1579651200,33181
1579737600,29952
1579824000,30137
1579910400,27003
1579996800,32122
1580083200,35105
1580169600,39765
1580256000,38712
1580342400,38370
1580428800,39217
1580515200,36586
1580601600,40023
1580688000,43183
1580774400,44657
1580860800,55217
1580947200,52761
1581033600,49475
1581120000,47269
1581206400,48033
1581292800,46143
1581379200,50498
1581465600,61304
1581552000,54416
1581638400,60901
1581724800,67689
1581811200,56580
1581897600,54159
1581984000,61401
1582070400,64098
1582156800,51998
1582243200,50031
1582329600,49851
1582416000,46662
1582502400,51610
1582588800,56910
1582675200,59261
1582761600,57391
1582848000,52136
1582934400,46535
1583020800,51361
1583107200,48682
1583193600,52963
1583280000,48098
1583366400,48073
1583452800,47568
1583539200,49217
1583625600,59571
1583712000,64387
1583798400,56174
1583884800,53548
1583971200,130768
1584057600,149844
1584144000,40491
1584230400,48787
1584316800,59515
1584403200,31377
1584489600,17764
1584576000,25039
1584662400,28336
1584748800,14972
1584835200,15668
1584921600,14967
1585008000,17782
1585094400,14453
1585180800,12352
1585267200,13655
1585353600,14356
1585440000,8721
1585526400,10761
1585612800,12886
1585699200,9878
1585785600,12919
1585872000,11840
1585958400,11133
1586044800,9099
1586131200,18146
1586217600,21499
1586304000,13653
1586390400,10470
1586476800,15865
1586563200,8451
1586649600,8700
1586736000,10847
1586822400,11190
1586908800,10680
1586995200,25377
1587081600,12234
1587168000,64151
1587254400,21638
1587340800,27090
1587427200,30509
1587513600,42360
1587600000,30699
1587686400,25269
1587772800,27143
1587859200,29101
1587945600,26765
1588032000,21931
1588118400,42838
1588204800,46334
1588291200,28313
1588377600,33459
1588464000,26998
1588550400,42590
1588636800,29336
1588723200,28310
1588809600,26353
1588896000,38949
1588982400,41782
1589068800,53635
1589155200,39736
1589241600,27712
1589328000,36261
1589414400,26932
1589500800,27235
1589587200,24846
1589673600,44536
1589760000,38235
1589846400,42383
1589932800,39498
1590019200,26540
1590105600,31694
1590192000,19769
1590278400,37943
1590364800,15009
1590451200,28677
1590537600,22724
1590624000,19486
1590710400,41704
1590796800,27483
1590883200,24714
1590969600,27648
1591056000,38656
1591142400,28804
1591228800,26719
1591315200,28158
1591401600,31396
1591488000,32976
1591574400,33506
1591660800,56856
1591747200,46020
1591833600,59440
1591920000,35440
1592006400,32850
1592092800,27114
1592179200,57821
1592265600,50015
1592352000,345087
1592438400,227481
1592524800,271792
1592611200,143592
1592697600,234507
1592784000,302478
1592870400,344274
1592956800,399675
1593043200,368186
1593129600,346886
1593216000,351244
1593302400,672798
1593388800,675210
1593475200,337918
1593561600,362181
1593648000,350122
1593734400,212248
1593820800,180088
1593907200,162452
1593993600,181580
1594080000,190606
1594166400,194516
1594252800,203819
1594339200,198555
1594425600,191157
1594512000,218838
1594598400,292119
1594684800,220286
1594771200,220817
1594857600,215260
1594944000,254404
1595030400,269334
1595116800,331241
1595203200,390023
1595289600,393879
1595376000,449065
1595462400,505949
1595548800,504030
1595635200,579990
1595721600,535834
1595808000,604725
1595894400,597508
1595980800,761354
1596067200,803802
1596153600,5386409
1596240000,5904928
1596326400,1157064
1596412800,556356
1596499200,486625
1596585600,459501
1596672000,831878
1596758400,686960
1596844800,674390
1596931200,789091
1597017600,1081189
1597104000,909980
1597190400,1335037
1597276800,1498193
1597363200,1259455
1597449600,1102298
1597536000,965973
1597622400,957847
1597708800,1166867
1597795200,1097173
1597881600,1159021
1597968000,1556704
1598054400,1691917
1598140800,1567489
1598227200,1383256
1598313600,1180870
1598400000,1189563
1598486400,1072469
1598572800,1256950
1598659200,1729314
1598745600,2902260
1598832000,3298941
1598918400,5590497
1599004800,5022223
1599091200,4158670
1599177600,2757124
1599264000,3479712
1599350400,6629607
1599436800,5862855
1599523200,1929564
1599609600,2291662
1599696000,2963928
1599782400,2312077
1599868800,2240969
1599955200,2554476
1600041600,3180382
1600128000,3378466
1600214400,2783202
1600300800,3335378
1600387200,3303364
1600473600,2610510
1600560000,2000153
1600646400,2195266
1600732800,1697040
1600819200,1787918
1600905600,1497795
1600992000,1359073
1601078400,1232156
1601164800,1416093
1601251200,1468814
1601337600,1890481
1601424000,1545654
1601510400,1864686
1601596800,2172917
1601683200,1586086
1601769600,1744234
1601856000,1481435
1601942400,1968112
1602028800,1809501
1602115200,1704761
1602201600,1446682
1602288000,1275947
1602374400,1130916
1602460800,1307085
1602547200,1076661
1602633600,1129282
1602720000,1122556
1602806400,1005044
1602892800,838238
1602979200,837329
1603065600,949758
1603152000,1057857
1603238400,1311763
1603324800,1177655
1603411200,1104834
1603497600,795428
1603584000,1035744
1603670400,7102678
1603756800,1098942
1603843200,1680928
1603929600,1512093
1604016000,1565198
1604102400,1136776
1604188800,959710
1604275200,1092221
1604361600,1133441
1604448000,1195101
1604534400,1439735
1604620800,1671694
1604707200,1977961
1604793600,1169899
1604880000,1254317
1604966400,1253780
1605052800,1295682
1605139200,1217637
1605225600,1344528
1605312000,1790871
1605398400,1360732
1605484800,1669957
1605571200,1935384
1605657600,1816938
1605744000,1637417
1605830400,1852927
1605916800,2261741
1606003200,2585251
1606089600,2136631
1606176000,2318066
1606262400,1877510
1606348800,3500163
1606435200,1481655
1606521600,1213884
1606608000,1198303
1606694400,1732296
1606780800,2034574
1606867200,1710759
1606953600,1726144
1607040000,1815346
1607126400,1584292
1607212800,1876523
1607299200,1635674
1607385600,2034310
1607472000,1897782
1607558400,1687276
1607644800,1683099
1607731200,1404605
1607817600,1350216
1607904000,1484716
1607990400,1678108
1608076800,1888982
1608163200,4002132
1608249600,1965104
1608336000,1993120
1608422400,1933453
1608508800,2314411
1608595200,2186477
1608681600,2635559
1608768000,2449235
1608854400,2140744
1608940800,2118508
1609027200,2942064
1609113600,2989274
1609200000,3005636
1609286400,3171552
1609372800,3084614
1609459200,3362726
1609545600,3471374
1609632000,5153982
1609718400,6397128
1609804800,5570187
1609891200,5088871
1609977600,5098750
1610064000,5752800
1610150400,4748408
1610236800,4918752
1610323200,7944074
1610409600,4691662
1610496000,3983856
1610582400,4306538
1610668800,5207504
1610755200,5022314
1610841600,4626537
1610928000,4507388
1611014400,6337092
1611100800,5308962
1611187200,6061118
1611273600,5529925
1611360000,4594046
1611446400,5106340
1611532800,6274938
1611619200,5474061
1611705600,5374777
1611792000,4837849
1611878400,7203530
1611964800,5495696
1612051200,5601338
1612137600,5820048
1612224000,6656722
1612310400,6360815
1612396800,10425372
1612483200,7940013
1612569600,7647588
1612656000,6862366
1612742400,7860189
1612828800,7814497
1612915200,8595569
1613001600,7388444
1613088000,7652087
1613174400,7649073
1613260800,6974713
1613347200,8659145
1613433600,7515162
1613520000,8239893
1613606400,8461691
1613692800,8335160
1613779200,9672202
1613865600,7508189
1613952000,10942127
1614038400,13313714
1614124800,8421481
1614211200,7589775
1614297600,7973258
1614384000,6476669
1614470400,7567892
1614556800,6280604
1614643200,6751146
1614729600,6691247
1614816000,6948654
1614902400,7185200
1614988800,6397351
1615075200,7293734
1615161600,8103322
1615248000,8516557
1615334400,7528053
1615420800,8042535
1615507200,7886265
1615593600,8003264
1615680000,7494037
1615766400,7390223
1615852800,6905014
1615939200,7026535
1616025600,6936102
1616112000,6994478
1616198400,6680862
1616284800,6416551
1616371200,8295338
1616457600,7648597
1616544000,8549604
1616630400,7491736
1616716800,6820163
1616803200,7297966
1616889600,9480103
1616976000,6222478
1617062400,5725590
1617148800,6839766
1617235200,12071574
1617321600,12001141
1617408000,9047893
1617494400,8142174
1617580800,9109572
1617667200,9395355
1617753600,9794587
1617840000,8001513
1617926400,7652685
1618012800,8329122
1618099200,7955745
1618185600,8458753
1618272000,8242597
1618358400,9758277
1618444800,10381883
1618531200,10929538
1618617600,9357989
1618704000,15674162
1618790400,9142669
1618876800,10406719
1618963200,10057865
1619049600,13389331
1619136000,12582354
1619222400,7438316
1619308800,7038639
1619395200,8304074
1619481600,8432679
1619568000,9601654
1619654400,9016063
1619740800,8384262
1619827200,9042419
1619913600,10081491
1620000000,12968924
1620086400,14358285
1620172800,11927021
1620259200,11072391
1620345600,11381903
1620432000,18110361
1620518400,15008084
1620604800,20608545
1620691200,16744285
1620777600,23948709
1620864000,21597045
1620950400,16381124
1621036800,15195253
1621123200,16393531
1621209600,17218218
1621296000,15380550
1621382400,33135824
1621468800,22076130
1621555200,20168830
1621641600,13807770
1621728000,20893824
1621814400,15533953
1621900800,14016446
1621987200,14889250
1622073600,10868957
1622160000,12245900
1622246400,11326409
1622332800,9304552
1622419200,9452866
1622505600,9828659
1622592000,8884481
1622678400,10766358
1622764800,14030335
1622851200,10966607
1622937600,8905843
1623024000,11200593
1623110400,12703659
1623196800,10871123
1623283200,9491959
1623369600,10466930
1623456000,9109049
1623542400,8267218
1623628800,8070311
1623715200,8434221
1623801600,8271538
1623888000,8247437
1623974400,8616345
1624060800,7261234
1624147200,7891850
1624233600,11507481
1624320000,10626453
1624406400,8063546
1624492800,6641689
1624579200,7677982
1624665600,6928612
1624752000,6595879
1624838400,9445308
1624924800,6913269
1625011200,7296419
1625097600,10607397
1625184000,6993551
1625270400,6325686
1625356800,7407192
1625443200,6886260
1625529600,7662163
1625616000,7121295
1625702400,7764872
1625788800,7558650
1625875200,6742651
1625961600,5664965
1626048000,6330780
1626134400,7160945
1626220800,7881451
1626307200,8111690
1626393600,7398171
1626480000,7020434
1626566400,7445845
1626652800,6480754
1626739200,7666104
1626825600,7628895
1626912000,6720643
1626998400,6852580
1627084800,7184749
1627171200,6967610
1627257600,12110036
1627344000,8372568
1627430400,9070623
1627516800,7838953
1627603200,8514233
1627689600,9577616
1627776000,12460666
1627862400,10399734
1627948800,10916765
1628035200,12353306
1628121600,12804637
1628208000,12448550
1628294400,14528556
1628380800,15414449
1628467200,16134620
1628553600,14372115
1628640000,14472784
1628726400,13539243
1628812800,14006765
1628899200,14603717
1628985600,14107686
1629072000,14004288
1629158400,16114420
1629244800,15443291
1629331200,13457452
1629417600,16442111
1629504000,19469167
1629590400,21118333
1629676800,26427029
1629763200,28327678
1629849600,23464477
1629936000,23446338
1630022400,22022995
1630108800,24287608
1630195200,29866683
1630281600,29370579
1630368000,23827645
1630454400,23502788
1630540800,21807076
1630627200,24482489
1630713600,20969789
1630800000,21830003
1630886400,24244218
1630972800,28312877
1631059200,22670750
1631145600,18959472
1631232000,19041836
1631318400,15164398
1631404800,14897919
1631491200,18626143
1631577600,17518621
1631664000,17546829
1631750400,21657474
1631836800,19219690
1631923200,18327863
1632009600,17823071
1632096000,20334088
1632182400,19855915
1632268800,16876397
1632355200,18104100
1632441600,18720936
1632528000,17457603
1632614400,19203440
1632700800,19380926
1632787200,19475630
1632873600,17046837
1632960000,16890703
1633046400,17374182
1633132800,16831871
1633219200,19669821
1633305600,22125902
1633392000,23221328
1633478400,23671631
1633564800,23975093
1633651200,21082363
1633737600,18293350
1633824000,18327985
1633910400,20761818
1633996800,19141045
1634083200,21863926
1634169600,22717424
1634256000,27987749
1634342400,19562902
1634428800,20967928
1634515200,20740807
1634601600,19741182
1634688000,20680579
1634774400,23414643
1634860800,22252284
1634947200,19826314
1635033600,21548752
1635120000,21725316
1635206400,24647273
1635292800,29636545
1635379200,25997791
1635465600,27864634
1635552000,30834310
1635638400,27080416
1635724800,23993137
1635811200,25900071
1635897600,25613574
1635984000,24411971
1636070400,24178954
1636156800,22554948
1636243200,21329717
1636329600,22839714
1636416000,23387742
1636502400,26647417
1636588800,23112578
1636675200,23053463
1636761600,25275847
1636848000,23684711
1636934400,24754197
1637020800,27911831
1637107200,26402591
1637193600,25602422
1637280000,21792483
1637366400,22257307
1637452800,22829343
1637539200,24855334
1637625600,24122400
1637712000,25929904
1637798400,25413335
1637884800,28795138
1637971200,25177377
1638057600,25144555
1638144000,24788185
1638230400,28448210
1638316800,27320041
1638403200,26216737
1638489600,26158489
1638576000,30193255
1638662400,24160231
1638748800,24088136
1638835200,20729773
1638921600,21890288
1639008000,25043335
1639094400,23253295
1639180800,21514713
1639267200,19005338
1639353600,27936413
1639440000,24941820
1639526400,22405117
1639612800,20707548
1639699200,23042333
1639785600,26294191
1639872000,21000279
1639958400,20435003
1640044800,23699929
1640131200,20090922
1640217600,23650415
1640304000,22035935
1640390400,23294659
1640476800,23280702
1640563200,25538483
1640649600,26552257
1640736000,25589836
1640822400,25149465
1640908800,26094072
1640995200,28080900
1641081600,31289135
1641168000,32204720
1641254400,32423553
1641340800,34521306
1641427200,31090498
1641513600,32543202
1641600000,30415150
1641686400,30054778
1641772800,28940571
1641859200,32762034
1641945600,37720826
1642032000,39896887
1642118400,38727216
1642204800,40918259
1642291200,40249084
1642377600,40313560
1642464000,41660954
1642550400,47119459
1642636800,42880950
1642723200,50427935
1642809600,39860241
1642896000,31826860
1642982400,34632768
1643068800,33800985
1643155200,37650383
1643241600,39584753
1643328000,31444158
1643414400,37652790
1643500800,37069480
1643587200,42699623
1643673600,41556338
1643760000,40193630
1643846400,37554799
1643932800,36013364
1644019200,33659112
1644105600,33147871
1644192000,32802608
1644278400,30883786
1644364800,30928541
1644451200,27521590
1644537600,26100386
1644624000,21420212
1644710400,20926101
1644796800,19584801
1644883200,22044776
1644969600,22993863
1645056000,23265338
1645142400,20809605
1645228800,19098015
1645315200,19073022
1645401600,23475437
1645488000,19863077
1645574400,19799396
1645660800,22847431
1645747200,20340175
1645833600,16414822
1645920000,17833086
1646006400,15602678
1646092800,16232616
1646179200,18026401
1646265600,17220392
1646352000,17646647
1646438400,14575399
1646524800,14216792
1646611200,14729186
1646697600,13590368
1646784000,13888048
1646870400,14022200
1646956800,15516729
1647043200,12606650
1647129600,13041648
1647216000,13144365
1647302400,14135446
1647388800,15025108
1647475200,20970495
1647561600,22894506
1647648000,19054278
1647734400,18321851
1647820800,15805814
1647907200,16580306
1647993600,17367884
1648080000,19886400
1648166400,19453428
1648252800,17590378
1648339200,20229291
1648425600,20444520
1648512000,21230618
1648598400,22814949
1648684800,24273349
1648771200,26695756
1648857600,26352839
1648944000,28649381
1649030400,25863207
1649116800,24563268
1649203200,24957793
1649289600,23659105
1649376000,21709157
1649462400,18059277
1649548800,17832776
1649635200,20915220
1649721600,17660546
1649808000,17931694
1649894400,17587914
1649980800,16745235
1650067200,23050867
1650153600,23440933
1650240000,26406586
1650326400,21445815
1650412800,23053092
1650499200,25018601
1650585600,24612913
1650672000,22425947
1650758400,21647995
1650844800,23698638
1650931200,20667289
1651017600,18900013
1651104000,20308590
1651190400,21028110
1651276800,20844655
1651363200,47148547
1651449600,32844881
1651536000,22624322
1651622400,24540541
1651708800,25034747
1651795200,21024703
1651881600,16802226
1651968000,15417974
1652054400,22942747
1652140800,24997896
1652227200,26614849
1652313600,25583945
1652400000,15929671
1652486400,12167362
1652572800,9431433
1652659200,11826666
1652745600,9458294
1652832000,9623262
1652918400,9737307
1653004800,9264069
1653091200,8794623
1653177600,7956268
1653264000,9644630
1653350400,7771206
1653436800,8332840
1653523200,10701063
1653609600,9035031
1653696000,9735515
1653782400,9302089
1653868800,10862974
1653955200,11074840
1654041600,9527269
1654128000,8374647
1654214400,7980332
1654300800,7349429
1654387200,7425068
1654473600,8042888
1654560000,9171680
1654646400,9269791
1654732800,6837479
1654819200,7693697
1654905600,7322028
1654992000,9341041
1655078400,24739651
1655164800,11652890
1655251200,9980747
1655337600,7603795
1655424000,6339239
1655510400,11363351
1655596800,9074739
1655683200,7125346
1655769600,6886378
1655856000,5887470
1655942400,9298738
1656028800,6710115
1656115200,5035493
1656201600,5103994
1656288000,5076067
1656374400,5551221
1656460800,5541318
1656547200,7632244
1656633600,7674963
1656720000,3958478
1656806400,3976019
1656892800,5196757
1656979200,5065967
1657065600,5571916
1657152000,5022282
1657238400,6055200
1657324800,4676268
1657411200,4562490
1657497600,4537072
1657584000,4478508
1657670400,5556769
1657756800,4983309
1657843200,6660934
1657929600,6186020
1658016000,5965148
1658102400,6957881
1658188800,7173579
1658275200,7368148
1658361600,6350948
1658448000,6392679
1658534400,5967808
1658620800,5508362
1658707200,6400210
1658793600,5907197
1658880000,6081729
1658966400,7124028
1659052800,6723632
1659139200,6210276
1659225600,5297005
1659312000,5955219
1659398400,6048191
1659484800,5368012
1659571200,5709136
1659657600,5821090
1659744000,5292919
1659830400,5168672
1659916800,5737862
1660003200,6191172
1660089600,7078526
1660176000,7120229
1660262400,5852692
1660348800,5828955
1660435200,5856264
1660521600,6477476
1660608000,11499517
1660694400,6218295
1660780800,5368019
1660867200,6858566
1660953600,5725162
1661040000,5036984
1661126400,5348332
1661212800,5505500
1661299200,5246479
1661385600,5453332
1661472000,6278668
1661558400,4998412
1661644800,4402821
1661731200,5772431
1661817600,6311354
1661904000,5932775
1661990400,6455786
1662076800,5498657
1662163200,4259583
1662249600,3944350
1662336000,4377788
1662422400,6031713
1662508800,5658032
1662595200,5420166
1662681600,5171950
1662768000,4550870
1662854400,4693654
1662940800,5240249
1663027200,6284407
1663113600,5724053
1663200000,5922339
1663286400,4843577
1663372800,3941005
1663459200,4212220
1663545600,4709156
1663632000,4425445
1663718400,5219607
1663804800,4528811
1663891200,4610474
1663977600,3823569
1664064000,3529007
1664150400,3791591
1664236800,4573984
1664323200,5076001
1664409600,4445870
1664496000,4666142
1664582400,3837985
1664668800,3735842
1664755200,4049101
1664841600,4046806
1664928000,4151069
1665014400,4558548
1665100800,4143721
1665187200,3565379
1665273600,3101166
1665360000,3597429
1665446400,7092322
1665532800,3450294
1665619200,4730441
1665705600,4344048
1665792000,3280580
1665878400,3255616
1665964800,4172430
1666051200,4170442
1666137600,3949305
1666224000,4178828
1666310400,3808390
1666396800,3408635
1666483200,4054626
1666569600,3667624
1666656000,5285204
1666742400,5787011
1666828800,4969718
1666915200,4641114
1667001600,5198888
1667088000,4416965
1667174400,5573453
1667260800,4596413
1667347200,6010007
1667433600,5222324
1667520000,6173403
1667606400,4335798
1667692800,4007368
1667779200,4962247
1667865600,9663896
1667952000,9001108
1668038400,11158700
1668124800,5380790
1668211200,7338451
1668297600,5068708
1668384000,5943297
1668470400,5167955
1668556800,4741560
1668643200,3916077
1668729600,3061325
1668816000,3363106
1668902400,3696509
1668988800,4303067
1669075200,4473496
1669161600,3456271
1669248000,3599710
1669334400,3112118
1669420800,4133979
1669507200,2914079
1669593600,3554936
1669680000,3456982
1669766400,4575663
1669852800,3543366
1669939200,3588149
1670025600,3231940
1670112000,3468731
1670198400,4139482
1670284800,4303027
1670371200,4755302
1670457600,4781026
1670544000,3896267
1670630400,5878227
1670716800,3330610
1670803200,3970543
1670889600,5292471
1670976000,4795970
1671062400,4321932
1671148800,5475892
1671235200,4165109
1671321600,3195564
1671408000,3643073
1671494400,4188951
1671580800,3819605
1671667200,4036131
1671753600,3907987
1671840000,3006669
1671926400,2911656
1672012800,3334013
1672099200,4077749
1672185600,3982766
1672272000,3763813
1672358400,3410754
1672444800,3485010
1672531200,3268649
1672617600,3811261
1672704000,3840852
1672790400,6240775
1672876800,4812767
1672963200,4435170
1673049600,5347373
1673136000,4696440
1673222400,5518017
1673308800,4961230
1673395200,5030732
1673481600,7015977
1673568000,7156629
1673654400,8014668
1673740800,6072297
1673827200,6894113
1673913600,6029743
1674000000,8696931
1674086400,6782870
1674172800,6193055
1674259200,7279949
1674345600,6168625
1674432000,6449593
1674518400,7789431
1674604800,7541539
1674691200,6910136
1674777600,6989253
1674864000,5678266
1674950400,6012496
1675036800,6114455
1675123200,6799212
1675209600,7111840
1675296000,8080656
1675382400,8032183
1675468800,6928378
1675555200,6522867
1675641600,7124857
1675728000,8303422
1675814400,8654845
1675900800,9380438
1675987200,9643668
1676073600,8385833
1676160000,5743043
1676246400,7421006
1676332800,8953469
1676419200,9414283
1676505600,10871172
1676592000,8352062
1676678400,7339322
1676764800,8261344
1676851200,9001748
1676937600,7962956
1677024000,8416632
1677110400,7355114
1677196800,7425835
1677283200,5754998
1677369600,5635063
1677456000,6343660
1677542400,7295034
1677628800,8769197
1677715200,7785086
1677801600,8670803
1677888000,5305155
1677974400,5439480
1678060800,5439110
1678147200,6744287
1678233600,5338374
1678320000,6630360
1678406400,9783764
1678492800,25764173
1678579200,12455973
1678665600,12362103
1678752000,9374559
1678838400,8314596
1678924800,6663172
1679011200,9096838
1679097600,6467294
1679184000,6150613
1679270400,10724758
1679356800,6636613
1679443200,7133519
1679529600,7912443
1679616000,6576495
1679702400,4803904
1679788800,5501002
1679875200,6372093
1679961600,6404257
1680048000,6199149
1680134400,6361009
1680220800,6574096
1680307200,5522972
1680393600,4649186
1680480000,5733290
1680566400,5938507
1680652800,6649564
1680739200,6095369
1680825600,5380281
1680912000,4927079
1680998400,8261280
1681084800,5964999
1681171200,6096098
1681257600,8121519
1681344000,6679281
1681430400,8385233
1681516800,6279482
1681603200,5910548
1681689600,7223978
1681776000,14452776
1681862400,10989863
1681948800,9996685
1682035200,10049129
1682121600,7111951
1682208000,6010796
1682294400,6526931
1682380800,6833483
1682467200,7348582
1682553600,7533988
1682640000,7911903
1682726400,5502951
1682812800,6768944
1682899200,8982569
1682985600,10220352
1683072000,8746284
1683158400,9550265
1683244800,15341924
1683331200,14975723
1683417600,11535346
1683504000,13338120
1683590400,10369160
1683676800,13869676
1683763200,12706855
1683849600,10692330
1683936000,8450727
1684022400,6729240
1684108800,9800742
1684195200,7683876
1684281600,8690170
1684368000,8390842
1684454400,7194025
1684540800,5629656
1684627200,7652152
1684713600,7300157
1684800000,9288084
1684886400,8021615
1684972800,9974910
1685059200,7057032
1685145600,6637235
1685232000,6708101
1685318400,7681402
1685404800,6880764
1685491200,6845305
1685577600,7159469
1685664000,7027805
1685750400,6492624
1685836800,5533873
1685923200,7031844
1686009600,6650587
1686096000,6957744
1686182400,6141439
1686268800,5852941
1686355200,6954202
1686441600,4192928
1686528000,7529271
1686614400,4847501
1686700800,5353443
1686787200,5542427
1686873600,6911188
1686960000,5489501
1687046400,4544948
1687132800,5136579
1687219200,5802002
1687305600,6823450
1687392000,6960143
1687478400,7207843
1687564800,5373319
1687651200,5040438
1687737600,5527233
1687824000,7546814
1687910400,7209264
1687996800,7182408
1688083200,8386457
1688169600,6268306
1688256000,5742896
1688342400,6647126
1688428800,9831581
1688515200,5920460
1688601600,8463107
1688688000,7608966
1688774400,6682544
1688860800,5934255
1688947200,6070161
1689033600,6822991
1689120000,6425162
1689206400,7931048
1689292800,8424893
1689379200,5939976
1689465600,6474556
1689552000,8173354
1689638400,8939278
1689724800,7289637
1689811200,7867363
1689897600,7595326
1689984000,6440224
1690070400,6372296
1690156800,10035623
1690243200,6767596
1690329600,6848850
1690416000,7230803
1690502400,11553140
1690588800,6435197
1690675200,11222750
1690761600,7711489
1690848000,7530789
1690934400,8055307
1691020800,7173682
1691107200,6244733
1691193600,6438475
1691280000,5899929
1691366400,6705819
1691452800,7072034
1691539200,7019265
1691625600,9597695
1691712000,7030634
1691798400,5913905
1691884800,5830820
1691971200,6086478
1692057600,7022280
1692144000,7692600
1692230400,10931430
1692316800,7236591
1692403200,5672425
1692489600,5964306
1692576000,6333849
1692662400,6740735
1692748800,6234613
1692835200,6713830
1692921600,7005776
1693008000,5063844
1693094400,6999785
1693180800,10184250
1693267200,8134332
1693353600,6603351
1693440000,6995353
1693526400,5920852
1693612800,4856614
1693699200,5417739
1693785600,7642960
1693872000,5913947
1693958400,6131529
1694044800,9240194
1694131200,5840019
1694217600,5385557
1694304000,4977659
1694390400,6285441
1694476800,6084137
1694563200,5480776
1694649600,7083404
1694736000,6370006
1694822400,5487632
1694908800,5064450
1694995200,5883282
1695081600,6348134
1695168000,5562155
1695254400,6063756
1695340800,5070847
1695427200,4400004
1695513600,4986049
1695600000,5734879
1695686400,5293174
1695772800,5337741
1695859200,5837959
1695945600,5704732
1696032000,5551844
1696118400,6234783
1696204800,7484276
1696291200,5888823
1696377600,5515682
1696464000,5536102
1696550400,7974947
1696636800,4498518
1696723200,4915897
1696809600,5010317
1696896000,5385028
1696982400,6908413
1697068800,6425248
1697155200,6391221
1697241600,4955547
1697328000,5796298
1697414400,6080746
1697500800,5845734
1697587200,5959043
1697673600,6046964
1697760000,6281019
1697846400,5253133
1697932800,5265965
1698019200,7861845
1698105600,9012422
1698192000,8048667
1698278400,8753693
1698364800,8667561
1698451200,6780186
1698537600,6084300
1698624000,7115760
1698710400,9187923
1698796800,7671450
1698883200,9502955
1698969600,8069371
1699056000,7512778
1699142400,6945114
1699228800,7822709
1699315200,7332731
1699401600,7660633
1699488000,11930784
1699574400,11047528
1699660800,9150964
1699747200,8146673
1699833600,12571058
1699920000,9812524
1700006400,9397402
1700092800,9539636
1700179200,8531683
1700265600,7271415
1700352000,7240254
1700438400,8132936
1700524800,9057732
1700611200,9641250
1700697600,8719219
1700784000,8316896
1700870400,6928050
1700956800,7470064
1701043200,9274509
1701129600,9049212
1701216000,9356737
1701302400,9472047
1701388800,11034668
1701475200,9311442
1701561600,8478013
1701648000,11173097
1701734400,12070849
1701820800,12420468
1701907200,12053028
1701993600,12890476
1702080000,9913741
1702166400,9133110
1702252800,12194168
1702339200,10568280
1702425600,12466949
1702512000,17332994
1702598400,20330883
1702684800,10084233
1702771200,13440883
1702857600,18972699
1702944000,15236000
1703030400,18590503
1703116800,16977917
1703203200,16329609
1703289600,11490700
1703376000,10271739
1703462400,13140575
1703548800,10664345
1703635200,17339624
1703721600,14228212
1703808000,18898860
1703894400,17790456
1703980800,8588703
1704067200,10011081
1704153600,19465547
1704240000,16102575
1704326400,12966147
1704412800,9705550
1704499200,9217242
1704585600,8767926
1704672000,12342263
1704758400,15857950
1704844800,14019488
1704931200,12418450
1705017600,13225707
1705104000,9093598
1705190400,8810238
1705276800,13054076
1705363200,11178377
1705449600,10204386
1705536000,11663330
1705622400,13543394
1705708800,8422649
1705795200,7930112
1705881600,9631880
1705968000,10333095
1706054400,8719068
1706140800,9898722
1706227200,9594625
1706313600,7519683
1706400000,6598078
1706486400,9232676
1706572800,12457875
1706659200,14493777
1706745600,15681713
1706832000,15335082
1706918400,8664377
1707004800,10744849
1707091200,7295863
1707177600,16159106
1707264000,25450024
1707350400,12102287
1707436800,33770931
1707523200,21589180
1707609600,10599923
1707696000,13216889
1707782400,27367581
1707868800,12344152
1707955200,14953939
1708041600,11157527
1708128000,9830895
1708214400,10456978
1708300800,12145493
1708387200,13020216
1708473600,12527067
1708560000,12612628
1708646400,12208281
1708732800,11344245
1708819200,10643391
1708905600,44687173
1708992000,16590129
1709078400,17439204
1709164800,25977659
1709251200,17746264
1709337600,16255662
1709424000,14633241
1709510400,40359018
1709596800,34624369
1709683200,24132807
1709769600,26183584
1709856000,19951178
1709942400,16321165
1710028800,18163975
1710115200,21606396
1710201600,18042357
1710288000,18549401
1710374400,21738014
1710460800,20688561
1710547200,16210230
1710633600,15641129
1710720000,15997757
1710806400,18971522
1710892800,14977728
1710979200,17106321
1711065600,15591595
1711152000,13016474
1711238400,12412139
1711324800,15741800
1711411200,15548028
1711497600,16327250
1711584000,17828532
1711670400,13950169
1711756800,12734216
1711843200,13710893
1711929600,15191796
1712016000,16334642
1712102400,16197384
1712188800,24160812
1712275200,14321174
1712361600,11938384
1712448000,12757248
1712534400,16292322
1712620800,15260801
1712707200,14618558
1712793600,18679361
1712880000,18685776
1712966400,24149072
1713052800,15794528
1713139200,15271341
1713225600,13833689
1713312000,12251308
1713398400,14412261
1713484800,13041978
1713571200,11280519
1713657600,11058884
1713744000,12439263
1713830400,11894743
1713916800,16375447
1714003200,12809624
1714089600,10436074
1714176000,10278920
1714262400,10497852
1714348800,10952816
1714435200,12159389
1714521600,11978094
1714608000,12503450
1714694400,10731132
1714780800,9130562
1714867200,9130595
1714953600,10019810
1715040000,9545808
1715126400,10376560
1715212800,11877654
1715299200,9324425
1715385600,7516602
1715472000,7367252
1715558400,11451746
1715644800,10701156
1715731200,10971672
1715817600,13100057
1715904000,10040699
1715990400,8767236
1716076800,8879948
1716163200,16751529
1716249600,17701048
1716336000,14920816
1716422400,23982275
1716508800,16037398
1716595200,12130857
1716681600,11986868
1716768000,14857039
1716854400,15668618
1716940800,15232160
1717027200,21920972
1717113600,15522835
1717200000,13047679
1717286400,13062138
1717372800,14381370
1717459200,13502773
1717545600,16208819
1717632000,24147409
1717718400,16249463
1717804800,13163384
1717891200,12541609
1717977600,17350031
1718064000,14862226
1718150400,14520044
1718236800,21569070
1718323200,13383452
1718409600,10447372
1718496000,10318233
1718582400,12047770
1718668800,13042042
1718755200,12192204
1718841600,16006688
1718928000,11198739
1719014400,10137001
1719100800,9582504
1719187200,12297337
1719273600,10848982
1719360000,10680328
1719446400,14111423
1719532800,11135812
1719619200,8519021
1719705600,9478457
1719792000,11057243
1719878400,10290023
1719964800,12212858
1720051200,17159701
1720137600,16696565
1720224000,8662557
1720310400,7934321
1720396800,10502561
1720483200,9638689
1720569600,10825274
1720656000,12538751
1720742400,10898361
1720828800,8450075
1720915200,9427780
1721001600,11517533
1721088000,12420329
1721174400,13100336
1721260800,17341493
1721347200,11618836
1721433600,10740789
1721520000,10398567
1721606400,12683068
1721692800,11488782
1721779200,10940766
1721865600,15053554
1721952000,10082097
1722038400,9707876
1722124800,8983263
1722211200,10247721
1722297600,10447589
1722384000,11805691
1722470400,16442162
1722556800,11279950
1722643200,10274467
1722729600,12067061
1722816000,52074266
1722902400,9566523
1722988800,10187252
1723075200,10750450
1723161600,9250486
1723248000,7271773
1723334400,7639435
1723420800,9085173
1723507200,8877153
1723593600,8700953
1723680000,10164445
1723766400,7601941
1723852800,6857701
1723939200,6552187
1724025600,7172818
1724112000,8276865
1724198400,10359779
1724284800,10985258
1724371200,7633397
1724457600,7582641
1724544000,6761989
1724630400,7987340
1724716800,7959055
1724803200,9195674
1724889600,8701872
1724976000,7098267
1725062400,6506786
1725148800,6382877
1725235200,7130291
1725321600,7962452
1725408000,8946418
1725494400,9214957
1725580800,10171011
1725667200,7767038
1725753600,6582790
1725840000,8178356
1725926400,9714246
1726012800,8495700
1726099200,9003319
1726185600,7479714
1726272000,6927557
1726358400,6628659
1726444800,8816180
1726531200,8795351
1726617600,9376861
1726704000,11836755
1726790400,11438043
1726876800,10520307
1726963200,9209037
1727049600,10729192
1727136000,11107725
1727222400,11235758
1727308800,14011132
1727395200,11592594
1727481600,18640858
1727568000,9060493
1727654400,9933348
1727740800,11801344
1727827200,10494397
1727913600,11940050
1728000000,10237326
1728086400,8590252
1728172800,12966332
1728259200,11795220
1728345600,11642480
1728432000,11599723
1728518400,12277456
1728604800,10736473
1728691200,10169177
1728777600,10229279
1728864000,11819570
1728950400,23898384
1729036800,15264220
1729123200,14776043
1729209600,23520552
1729296000,10107458
1729382400,9606286
1729468800,12354911
1729555200,11851660
1729641600,10945056
1729728000,15223665
1729814400,11609580
1729900800,10494871
1729987200,8265656
1730073600,10521401
1730160000,13352433
1730246400,13702906
1730332800,15492357
1730419200,11250540
1730505600,18216394
1730592000,9690682
1730678400,13826335
1730764800,13945292
1730851200,16812910
1730937600,21832027
1731024000,20102776
1731110400,19758784
1731196800,15558388
1731283200,18293254
1731369600,21065181
1731456000,23693609
1731542400,26026656
1731628800,13585586
1731715200,12223862
1731801600,11220954
1731888000,17012193
1731974400,16170143
1732060800,18817662
1732147200,27894295
1732233600,19655079
1732320000,19480212
1732406400,15959876
1732492800,17437894
1732579200,19498376
1732665600,18705316
1732752000,34349120
1732838400,15733927
1732924800,15465233
1733011200,16755468
1733097600,22351129
1733184000,23195578
1733270400,23029806
1733356800,44688689
1733443200,25497551
1733529600,18690050
1733616000,18026558
1733702400,27225596
1733788800,25678428
1733875200,22225119
1733961600,47739563
1734048000,19729131
1734134400,17604962
1734220800,18040121
1734307200,21618380
1734393600,19873426
1734480000,24990011
1734566400,35776460
1734652800,22551252
1734739200,19071786
1734825600,15397194
1734912000,19110748
1734998400,18963914
1735084800,15292828
1735171200,25350758
1735257600,20322414
1735344000,14348995
1735430400,14791419
1735516800,18433615
1735603200,18582629
1735689600,17430424
1735776000,26116765
1735862400,18045894
1735948800,16279723
1736035200,15854171
1736121600,19513808
1736208000,24096368
1736294400,24002705
1736380800,29037900
1736467200,18269199
1736553600,18324738
1736640000,14572782
1736726400,19703661
1736812800,16199469
1736899200,17918505
1736985600,25102649
1737072000,17152312
1737158400,18421410
1737244800,23151213
1737331200,25795180
1737417600,20374625
1737504000,21722688
1737590400,30499906
1737676800,21430441
1737763200,14883406
1737849600,14782598
1737936000,19716940
1738022400,17104930
1738108800,16263953
1738195200,28451560
1738281600,16441493
1738368000,13666187
1738454400,18259671
1738540800,58972291
1738627200,18863186
1738713600,16261468
1738800000,21052585
1738886400,13925260
1738972800,11092446
1739059200,11773444
1739145600,13174481
1739232000,13188368
1739318400,15250870
1739404800,20150699
1739491200,12904355
1739577600,10625160
1739664000,10681450
1739750400,16155168
1739836800,15041755
1739923200,13522902
1740009600,20439806
1740096000,15201256
1740182400,12117321
1740268800,15013488
1740355200,16337583
1740441600,23065454
1740528000,16641138
1740614400,21822633
1740700800,21325817
1740787200,10697536
1740873600,16144511
1740960000,15660275
1741046400,17686384
1741132800,13324465
1741219200,17135439
1741305600,13476635
1741392000,10746520
1741478400,12846937
1741564800,22798720
1741651200,18054535
1741737600,12869024
1741824000,14122298
1741910400,10674488
1741996800,8559083
1742083200,8682181
1742169600,17138123
1742256000,9586507
1742342400,11676873
1742428800,13004708
1742515200,9404669
1742601600,7647701
1742688000,7769743
1742774400,9585705
1742860800,9067319
1742947200,11570583
1743033600,14448487
1743120000,11853095
1743206400,8775806
1743292800,8640266
1743379200,11171455
1743465600,10274302
1743552000,10706612
1743638400,14471840
1743724800,13069420
1743811200,8219699
1743897600,18664463
1743984000,28395537
1744070400,11175449
1744156800,13707078
1744243200,13800548
1744329600,10918755
1744416000,8615430
1744502400,9431426
1744588800,10087803
1744675200,8774803
1744761600,8206463
1744848000,10552895
1744934400,7211009
1745020800,6748093
1745107200,6807573
1745193600,8791450
1745280000,11173617
1745366400,11556735
1745452800,12192393
1745539200,9883309
1745625600,7683745
1745712000,7589302
1745798400,9633556
1745884800,9077878
1745971200,9184434
1746057600,12430232
1746144000,8244145
1746230400,7426822
1746316800,7630861
1746403200,9427720
1746489600,8815223
1746576000,9226596
1746662400,15492944
1746748800,15588131
1746835200,12745330
1746921600,13452070
1747008000,14753765
1747094400,13798833
1747180800,14664014
1747267200,18541687
1747353600,12559103
1747440000,10388899
1747526400,11811425
1747612800,13604454
1747699200,12639912
1747785600,14861295
1747872000,20091650
1747958400,14982739
1748044800,10592481
1748131200,10463120
1748217600,11166101
1748304000,15074747
1748390400,13300347
1748476800,21418705
1748563200,13739626
1748649600,10676896
1748736000,10483988
1748822400,12693224
1748908800,12565263
1748995200,13678427
1749081600,20539196
1749168000,12407924
1749254400,10414845
1749340800,9542976
1749427200,14406998
1749513600,16091619
1749600000,14497720
1749686400,19720406
1749772800,15888284
1749859200,11088814
1749945600,9819655
1750032000,12979390
1750118400,14228533
1750204800,12325569
1750291200,17364465
1750377600,13626451
1750464000,12383468
1750550400,13347115
1750636800,14487890
1750723200,13238700
1750809600,12980597
1750896000,17052405
1750982400,11390290
1751068800,10049951
1751155200,10154809
1751241600,12198474
1751328000,11204457
1751414400,13164146
1751500800,15393884
1751587200,10939285
1751673600,10408363
1751760000,10658931
1751846400,12559849
1751932800,12690876
1752019200,14736971
1752105600,20819225
1752192000,17337381
1752278400,13280452
1752364800,12858781
1752451200,16900975
1752537600,17042003
1752624000,18039825
1752710400,25886371
1752796800,20749064
1752883200,15218344
1752969600,18372683
1753056000,20110846
1753142400,20040467
1753228800,18292592
1753315200,28896615
1753401600,18996009
1753488000,14529041
1753574400,15747752
1753660800,18503654
1753747200,19396308
1753833600,19563972
1753920000,32992858
1754006400,18391404
1754092800,15027322
1754179200,14720172
1754265600,19161916
1754352000,18270537
1754438400,16747479
1754524800,28004912
1754611200,19873722
1754697600,19037406
1754784000,18086925
1754870400,21188386
1754956800,21493293
1755043200,27330414
1755129600,43414597
1755216000,22748269
1755302400,17784754
1755388800,18379636
1755475200,22242052
1755561600,19531416
1755648000,20667218
1755734400,34283559
1755820800,25076861
1755907200,19064829
1755993600,19626569
1756080000,22961998
1756166400,20812719
1756252800,21020172
1756339200,34970708
1756425600,19735999
1756512000,15780926
1756598400,17257525
1756684800,23393375
1756771200,21243448
1756857600,18632424
1756944000,32598985
1757030400,20042291
1757116800,16568446
1757203200,15717769
1757289600,18810305
1757376000,20966429
1757462400,19688389
1757548800,36522508
1757635200,19145181
1757721600,19093759
1757808000,19211824
1757894400,22206026
1757980800,19927880
1758067200,23168075
1758153600,36844115
1758240000,24942845
1758326400,17131026
1758412800,16950241
1758499200,22884310
1758585600,19444743
1758672000,22038998
1758758400,33708406
1758844800,20683211
1758931200,17637163
1759017600,18627863
1759104000,19283473
1759190400,20134974
1759276800,18828776
1759363200,34801636
1759449600,20709167
1759536000,18831178
1759622400,17855263
1759708800,26044475
1759795200,24838071
1759881600,24183274
1759968000,41483868
1760054400,70330837
1760140800,27499818
1760227200,21557054
1760313600,22345852
1760400000,26822879
1760486400,19239749
1760572800,27463420
1760659200,29047496
1760745600,14370638
1760832000,15925304
1760918400,16159166
1761004800,21124558
1761091200,20135352
1761177600,25837527
1761264000,17996553
1761350400,15452823
1761436800,14572757
1761523200,18632205
1761609600,18656098
1761696000,18409803
1761782400,27710455
1761868800,18249499
1761955200,13678838
1762041600,13677324
1762128000,26085937
1762214400,43600908
1762300800,19090582
1762387200,28230647
1762473600,21293090
1762560000,14783413
1762646400,14449832
1762732800,17714509
1762819200,16559649
1762905600,16070239
1762992000,27580030
1763078400,19220738
1763164800,13721404
1763251200,17702614
1763337600,18189691
1763424000,17206295
1763510400,16773434
1763596800,27569359
1763683200,27396370
1763769600,11852517
1763856000,11509603
1763942400,15197648
1764028800,13737200
1764115200,14178968
1764201600,19666636
1764288000,13919010
1764374400,11545661
1764460800,10692611
1764547200,16668250
1764633600,15129360
1764720000,15469614
1764806400,19220811
1764892800,14702903
1764979200,10532820
1765065600,11916752
1765152000,14142354
1765238400,14821459
1765324800,13779277
1765411200,19748392
1765497600,13624600
1765584000,10730531
1765670400,10665480
1765756800,14906841
1765843200,12779311
1765929600,15293246
1766016000,20022322
1766102400,13892747
1766188800,9958096
1766275200,10892806
1766361600,12793882
1766448000,12492505
1766534400,11305648
1766620800,16486605
1766707200,11326160
1766793600,9880936
1766880000,9970644
1766966400,12458770
1767052800,12318896
1767139200,11678147
1767225600,17591182
1767312000,12339317
1767398400,11610010
1767484800,11700433
1767571200,13990815
1767657600,14265757
1767744000,13298642
1767830400,19415400
1767916800,11778667
1768003200,9710314
1768089600,11038598
1768176000,13739084
1768262400,13285592
1768348800,14189278
1768435200,21570765
1768521600,12811700
1768608000,10637817
1768694400,10875118
1768780800,12817639
1768867200,15208615
1768953600,14273071
1769040000,20219998
1769126400,12531298
1769212800,10949440
1769299200,11386465
1769385600,13085183
1769472000,11873292
1769558400,12447414
1769644800,20446992
1769731200,14918788
1769817600,31238440
1769904000,14688016
1769990400,20229441
1770076800,17790260
1770163200,14202170
1770249600,33718252
1770336000,30483493
1770422400,11605381
1770508800,9658338
1770595200,11543137
1770681600,9302263
1770768000,10453072
1770854400,14621264
1770940800,13445832
1771027200,8830025
1771113600,9638747
1771200000,9326440
1771286400,8892934
1771372800,9723920
1771459200,14894991
1771545600,9020488
1771632000,7587642
1771718400,7462291
1771804800,9707674
1771891200,8743273
1771977600,11786953
1772064000,15131989
1772150400,9005345
1772236800,8625641
1772323200,8331310
1772409600,12351690
1772496000,10259010
1772582400,12112048
1772668800,15648866
1772755200,9433021
1772841600,7396815
1772928000,7591942
1773014400,10507064
1773100800,10802782
1773187200,8756148
1773273600,53403274
1773360000,11295524
1773446400,7624642
1773532800,7713871
1773619200,11441921
1773705600,9471497
1773792000,9706097
1773878400,14920993
1773964800,10780014
1774051200,7344492
1774137600,10902247
1774224000,10350013
1774310400,9026041
1774396800,8538868
1774483200,14283983
1774569600,9339099
1774656000,7508743
1774742400,7415076
1774828800,8904862
1774915200,10921120
1775001600,9916945
1775088000,18277428
1775174400,8949230
1775260800,7192982
1775347200,7341336
1775433600,9418699
1775520000,10128285
1775606400,9389047
1775692800,14641323
1775779200,8411712
1775865600,7905820
1775952000,7977665
1776038400,10979658
1776124800,9966023
1776211200,8953789
1776297600,15355358
1776384000,10509528
1776470400,10844508
1776556800,16435692
1776643200,16392830
1776729600,13145148
1776816000,14629948
1776902400,17864428
1776988800,11031383
1777075200,10002981
1777161600,10016589
1777248000,10165229
1777334400,10040271
1777420800,10806640
1777507200,15163388
1777593600,10527377
1777680000,8175551
1777766400,8981933
1777852800,10551588
1777939200,9172928
1778025600,19176360
1778112000,13896843
1778198400,9231121
1778284800,7967685
1778371200,8328227
1778457600,9940859
1778544000,8525125
1778630400,8688177
1778716800,14171480
1778803200,11719097
1778889600,7295109
1778976000,7793798
1779062400,10308630
1779148800,8479761
1779235200,8716906
1779321600,13649917
1779408000,8213489
1779494400,8329913
1779580800,8258568
1779667200,11683278
1779753600,9432771
1779840000,8855278